"Agriculture Prices by Marketing Costs / Prices, Level, Crop, Month and Time"

"Marketing Costs / Prices";"Level";"Crop";"Month";"2024"
"Packs";"Kingdom";"Tomatoes";"January";35.4
"Packs";"Kingdom";"Tomatoes";"February";35.4
"Packs";"Kingdom";"Tomatoes";"March";35.4
"Packs";"Kingdom";"Tomatoes";"April";35.4
"Packs";"Kingdom";"Tomatoes";"May";35.4
"Packs";"Kingdom";"Tomatoes";"June";35.4
"Packs";"Kingdom";"Tomatoes";"July";35.4
"Packs";"Kingdom";"Tomatoes";"August";35.4
"Packs";"Kingdom";"Tomatoes";"September";35.4
"Packs";"Kingdom";"Tomatoes";"October";35.4
"Packs";"Kingdom";"Tomatoes";"November";35.4
"Packs";"Kingdom";"Tomatoes";"December";35.4
"Packs";"Up-Land";"Tomatoes";"January";35.4
"Packs";"Up-Land";"Tomatoes";"February";35.4
"Packs";"Up-Land";"Tomatoes";"March";35.4
"Packs";"Up-Land";"Tomatoes";"April";35.4
"Packs";"Up-Land";"Tomatoes";"May";35.4
"Packs";"Up-Land";"Tomatoes";"June";35.4
"Packs";"Up-Land";"Tomatoes";"July";35.4
"Packs";"Up-Land";"Tomatoes";"August";35.4
"Packs";"Up-Land";"Tomatoes";"September";35.4
"Packs";"Up-Land";"Tomatoes";"October";35.4
"Packs";"Up-Land";"Tomatoes";"November";35.4
"Packs";"Up-Land";"Tomatoes";"December";35.4
"Packs";"Al-Aghouar";"Tomatoes";"January";35.4
"Packs";"Al-Aghouar";"Tomatoes";"February";35.4
"Packs";"Al-Aghouar";"Tomatoes";"March";35.4
"Packs";"Al-Aghouar";"Tomatoes";"April";35.4
"Packs";"Al-Aghouar";"Tomatoes";"May";35.4
"Packs";"Al-Aghouar";"Tomatoes";"June";35.4
"Packs";"Al-Aghouar";"Tomatoes";"July";35.4
"Packs";"Al-Aghouar";"Tomatoes";"August";35.4
"Packs";"Al-Aghouar";"Tomatoes";"September";35.4
"Packs";"Al-Aghouar";"Tomatoes";"October";35.4
"Packs";"Al-Aghouar";"Tomatoes";"November";35.4
"Packs";"Al-Aghouar";"Tomatoes";"December";35.4
"loading ";"Kingdom";"Tomatoes";"January";2.3
"loading ";"Kingdom";"Tomatoes";"February";2.3
"loading ";"Kingdom";"Tomatoes";"March";2.3
"loading ";"Kingdom";"Tomatoes";"April";2.3
"loading ";"Kingdom";"Tomatoes";"May";2.3
"loading ";"Kingdom";"Tomatoes";"June";2.3
"loading ";"Kingdom";"Tomatoes";"July";2.3
"loading ";"Kingdom";"Tomatoes";"August";2.3
"loading ";"Kingdom";"Tomatoes";"September";2.3
"loading ";"Kingdom";"Tomatoes";"October";2.3
"loading ";"Kingdom";"Tomatoes";"November";2.3
"loading ";"Kingdom";"Tomatoes";"December";2.3
"loading ";"Up-Land";"Tomatoes";"January";2.3
"loading ";"Up-Land";"Tomatoes";"February";2.3
"loading ";"Up-Land";"Tomatoes";"March";2.3
"loading ";"Up-Land";"Tomatoes";"April";2.3
"loading ";"Up-Land";"Tomatoes";"May";2.3
"loading ";"Up-Land";"Tomatoes";"June";2.3
"loading ";"Up-Land";"Tomatoes";"July";2.3
"loading ";"Up-Land";"Tomatoes";"August";2.3
"loading ";"Up-Land";"Tomatoes";"September";2.3
"loading ";"Up-Land";"Tomatoes";"October";2.3
"loading ";"Up-Land";"Tomatoes";"November";2.3
"loading ";"Up-Land";"Tomatoes";"December";2.3
"loading ";"Al-Aghouar";"Tomatoes";"January";2.3
"loading ";"Al-Aghouar";"Tomatoes";"February";2.3
"loading ";"Al-Aghouar";"Tomatoes";"March";2.3
"loading ";"Al-Aghouar";"Tomatoes";"April";2.3
"loading ";"Al-Aghouar";"Tomatoes";"May";2.3
"loading ";"Al-Aghouar";"Tomatoes";"June";2.3
"loading ";"Al-Aghouar";"Tomatoes";"July";2.3
"loading ";"Al-Aghouar";"Tomatoes";"August";2.3
"loading ";"Al-Aghouar";"Tomatoes";"September";2.3
"loading ";"Al-Aghouar";"Tomatoes";"October";2.3
"loading ";"Al-Aghouar";"Tomatoes";"November";2.3
"loading ";"Al-Aghouar";"Tomatoes";"December";2.3
"Transportation";"Kingdom";"Tomatoes";"January";19.0
"Transportation";"Kingdom";"Tomatoes";"February";17.3
"Transportation";"Kingdom";"Tomatoes";"March";16.9
"Transportation";"Kingdom";"Tomatoes";"April";15.9
"Transportation";"Kingdom";"Tomatoes";"May";18.8
"Transportation";"Kingdom";"Tomatoes";"June";15.0
"Transportation";"Kingdom";"Tomatoes";"July";12.8
"Transportation";"Kingdom";"Tomatoes";"August";14.1
"Transportation";"Kingdom";"Tomatoes";"September";13.3
"Transportation";"Kingdom";"Tomatoes";"October";16.3
"Transportation";"Kingdom";"Tomatoes";"November";13.6
"Transportation";"Kingdom";"Tomatoes";"December";17.4
"Transportation";"Up-Land";"Tomatoes";"January";15.1
"Transportation";"Up-Land";"Tomatoes";"February";12.5
"Transportation";"Up-Land";"Tomatoes";"March";11.4
"Transportation";"Up-Land";"Tomatoes";"April";11.1
"Transportation";"Up-Land";"Tomatoes";"May";10.9
"Transportation";"Up-Land";"Tomatoes";"June";11.2
"Transportation";"Up-Land";"Tomatoes";"July";12.1
"Transportation";"Up-Land";"Tomatoes";"August";13.9
"Transportation";"Up-Land";"Tomatoes";"September";12.9
"Transportation";"Up-Land";"Tomatoes";"October";16.4
"Transportation";"Up-Land";"Tomatoes";"November";12.9
"Transportation";"Up-Land";"Tomatoes";"December";15.9
"Transportation";"Al-Aghouar";"Tomatoes";"January";21.1
"Transportation";"Al-Aghouar";"Tomatoes";"February";17.9
"Transportation";"Al-Aghouar";"Tomatoes";"March";17.7
"Transportation";"Al-Aghouar";"Tomatoes";"April";16.8
"Transportation";"Al-Aghouar";"Tomatoes";"May";20.9
"Transportation";"Al-Aghouar";"Tomatoes";"June";19.0
"Transportation";"Al-Aghouar";"Tomatoes";"July";15.9
"Transportation";"Al-Aghouar";"Tomatoes";"August";15.9
"Transportation";"Al-Aghouar";"Tomatoes";"September";15.8
"Transportation";"Al-Aghouar";"Tomatoes";"October";16.0
"Transportation";"Al-Aghouar";"Tomatoes";"November";15.9
"Transportation";"Al-Aghouar";"Tomatoes";"December";19.2
"Market";"Kingdom";"Tomatoes";"January";17.8
"Market";"Kingdom";"Tomatoes";"February";17.5
"Market";"Kingdom";"Tomatoes";"March";17.4
"Market";"Kingdom";"Tomatoes";"April";16.7
"Market";"Kingdom";"Tomatoes";"May";18.0
"Market";"Kingdom";"Tomatoes";"June";16.4
"Market";"Kingdom";"Tomatoes";"July";22.1
"Market";"Kingdom";"Tomatoes";"August";26.5
"Market";"Kingdom";"Tomatoes";"September";18.4
"Market";"Kingdom";"Tomatoes";"October";18.0
"Market";"Kingdom";"Tomatoes";"November";23.4
"Market";"Kingdom";"Tomatoes";"December";28.2
"Market";"Up-Land";"Tomatoes";"January";17.2
"Market";"Up-Land";"Tomatoes";"February";18.3
"Market";"Up-Land";"Tomatoes";"March";18.8
"Market";"Up-Land";"Tomatoes";"April";17.5
"Market";"Up-Land";"Tomatoes";"May";18.3
"Market";"Up-Land";"Tomatoes";"June";16.8
"Market";"Up-Land";"Tomatoes";"July";22.0
"Market";"Up-Land";"Tomatoes";"August";26.3
"Market";"Up-Land";"Tomatoes";"September";18.2
"Market";"Up-Land";"Tomatoes";"October";17.9
"Market";"Up-Land";"Tomatoes";"November";23.3
"Market";"Up-Land";"Tomatoes";"December";28.2
"Market";"Al-Aghouar";"Tomatoes";"January";18.1
"Market";"Al-Aghouar";"Tomatoes";"February";17.4
"Market";"Al-Aghouar";"Tomatoes";"March";17.2
"Market";"Al-Aghouar";"Tomatoes";"April";16.5
"Market";"Al-Aghouar";"Tomatoes";"May";18.0
"Market";"Al-Aghouar";"Tomatoes";"June";16.0
"Market";"Al-Aghouar";"Tomatoes";"July";22.7
"Market";"Al-Aghouar";"Tomatoes";"August";27.4
"Market";"Al-Aghouar";"Tomatoes";"September";19.5
"Market";"Al-Aghouar";"Tomatoes";"October";18.7
"Market";"Al-Aghouar";"Tomatoes";"November";23.9
"Market";"Al-Aghouar";"Tomatoes";"December";28.3
"Total Marketing Costs ";"Kingdom";"Tomatoes";"January";74.4
"Total Marketing Costs ";"Kingdom";"Tomatoes";"February";72.5
"Total Marketing Costs ";"Kingdom";"Tomatoes";"March";72.0
"Total Marketing Costs ";"Kingdom";"Tomatoes";"April";70.2
"Total Marketing Costs ";"Kingdom";"Tomatoes";"May";74.5
"Total Marketing Costs ";"Kingdom";"Tomatoes";"June";69.1
"Total Marketing Costs ";"Kingdom";"Tomatoes";"July";72.6
"Total Marketing Costs ";"Kingdom";"Tomatoes";"August";78.3
"Total Marketing Costs ";"Kingdom";"Tomatoes";"September";69.4
"Total Marketing Costs ";"Kingdom";"Tomatoes";"October";72.0
"Total Marketing Costs ";"Kingdom";"Tomatoes";"November";74.7
"Total Marketing Costs ";"Kingdom";"Tomatoes";"December";83.3
"Total Marketing Costs ";"Up-Land";"Tomatoes";"January";70.0
"Total Marketing Costs ";"Up-Land";"Tomatoes";"February";68.5
"Total Marketing Costs ";"Up-Land";"Tomatoes";"March";67.9
"Total Marketing Costs ";"Up-Land";"Tomatoes";"April";66.3
"Total Marketing Costs ";"Up-Land";"Tomatoes";"May";66.9
"Total Marketing Costs ";"Up-Land";"Tomatoes";"June";65.7
"Total Marketing Costs ";"Up-Land";"Tomatoes";"July";71.8
"Total Marketing Costs ";"Up-Land";"Tomatoes";"August";77.9
"Total Marketing Costs ";"Up-Land";"Tomatoes";"September";68.8
"Total Marketing Costs ";"Up-Land";"Tomatoes";"October";72.0
"Total Marketing Costs ";"Up-Land";"Tomatoes";"November";73.8
"Total Marketing Costs ";"Up-Land";"Tomatoes";"December";81.7
"Total Marketing Costs ";"Al-Aghouar";"Tomatoes";"January";76.9
"Total Marketing Costs ";"Al-Aghouar";"Tomatoes";"February";73.0
"Total Marketing Costs ";"Al-Aghouar";"Tomatoes";"March";72.5
"Total Marketing Costs ";"Al-Aghouar";"Tomatoes";"April";71.0
"Total Marketing Costs ";"Al-Aghouar";"Tomatoes";"May";76.6
"Total Marketing Costs ";"Al-Aghouar";"Tomatoes";"June";72.6
"Total Marketing Costs ";"Al-Aghouar";"Tomatoes";"July";76.3
"Total Marketing Costs ";"Al-Aghouar";"Tomatoes";"August";80.9
"Total Marketing Costs ";"Al-Aghouar";"Tomatoes";"September";73.0
"Total Marketing Costs ";"Al-Aghouar";"Tomatoes";"October";72.4
"Total Marketing Costs ";"Al-Aghouar";"Tomatoes";"November";77.5
"Total Marketing Costs ";"Al-Aghouar";"Tomatoes";"December";85.2
"Central Market Prices ";"Kingdom";"Tomatoes";"January";149.2
"Central Market Prices ";"Kingdom";"Tomatoes";"February";145.9
"Central Market Prices ";"Kingdom";"Tomatoes";"March";142.2
"Central Market Prices ";"Kingdom";"Tomatoes";"April";128.8
"Central Market Prices ";"Kingdom";"Tomatoes";"May";147.7
"Central Market Prices ";"Kingdom";"Tomatoes";"June";118.8
"Central Market Prices ";"Kingdom";"Tomatoes";"July";213.9
"Central Market Prices ";"Kingdom";"Tomatoes";"August";287.8
"Central Market Prices ";"Kingdom";"Tomatoes";"September";153.1
"Central Market Prices ";"Kingdom";"Tomatoes";"October";146.7
"Central Market Prices ";"Kingdom";"Tomatoes";"November";237.4
"Central Market Prices ";"Kingdom";"Tomatoes";"December";321.2
"Central Market Prices ";"Up-Land";"Tomatoes";"January";137.2
"Central Market Prices ";"Up-Land";"Tomatoes";"February";139.0
"Central Market Prices ";"Up-Land";"Tomatoes";"March";147.0
"Central Market Prices ";"Up-Land";"Tomatoes";"April";124.6
"Central Market Prices ";"Up-Land";"Tomatoes";"May";137.7
"Central Market Prices ";"Up-Land";"Tomatoes";"June";113.3
"Central Market Prices ";"Up-Land";"Tomatoes";"July";213.2
"Central Market Prices ";"Up-Land";"Tomatoes";"August";286.4
"Central Market Prices ";"Up-Land";"Tomatoes";"September";151.1
"Central Market Prices ";"Up-Land";"Tomatoes";"October";145.7
"Central Market Prices ";"Up-Land";"Tomatoes";"November";237.5
"Central Market Prices ";"Up-Land";"Tomatoes";"December";320.6
"Central Market Prices ";"Al-Aghouar";"Tomatoes";"January";155.9
"Central Market Prices ";"Al-Aghouar";"Tomatoes";"February";146.7
"Central Market Prices ";"Al-Aghouar";"Tomatoes";"March";141.6
"Central Market Prices ";"Al-Aghouar";"Tomatoes";"April";129.6
"Central Market Prices ";"Al-Aghouar";"Tomatoes";"May";150.4
"Central Market Prices ";"Al-Aghouar";"Tomatoes";"June";124.3
"Central Market Prices ";"Al-Aghouar";"Tomatoes";"July";216.9
"Central Market Prices ";"Al-Aghouar";"Tomatoes";"August";296.9
"Central Market Prices ";"Al-Aghouar";"Tomatoes";"September";165.9
"Central Market Prices ";"Al-Aghouar";"Tomatoes";"October";153.0
"Central Market Prices ";"Al-Aghouar";"Tomatoes";"November";237.0
"Central Market Prices ";"Al-Aghouar";"Tomatoes";"December";322.1
"Farm-Gate Price";"Kingdom";"Tomatoes";"January";74.8
"Farm-Gate Price";"Kingdom";"Tomatoes";"February";73.4
"Farm-Gate Price";"Kingdom";"Tomatoes";"March";70.3
"Farm-Gate Price";"Kingdom";"Tomatoes";"April";58.6
"Farm-Gate Price";"Kingdom";"Tomatoes";"May";73.2
"Farm-Gate Price";"Kingdom";"Tomatoes";"June";49.6
"Farm-Gate Price";"Kingdom";"Tomatoes";"July";141.3
"Farm-Gate Price";"Kingdom";"Tomatoes";"August";209.5
"Farm-Gate Price";"Kingdom";"Tomatoes";"September";83.7
"Farm-Gate Price";"Kingdom";"Tomatoes";"October";74.7
"Farm-Gate Price";"Kingdom";"Tomatoes";"November";162.6
"Farm-Gate Price";"Kingdom";"Tomatoes";"December";238.0
"Farm-Gate Price";"Up-Land";"Tomatoes";"January";67.2
"Farm-Gate Price";"Up-Land";"Tomatoes";"February";70.5
"Farm-Gate Price";"Up-Land";"Tomatoes";"March";79.1
"Farm-Gate Price";"Up-Land";"Tomatoes";"April";58.3
"Farm-Gate Price";"Up-Land";"Tomatoes";"May";70.8
"Farm-Gate Price";"Up-Land";"Tomatoes";"June";47.6
"Farm-Gate Price";"Up-Land";"Tomatoes";"July";141.4
"Farm-Gate Price";"Up-Land";"Tomatoes";"August";208.5
"Farm-Gate Price";"Up-Land";"Tomatoes";"September";82.3
"Farm-Gate Price";"Up-Land";"Tomatoes";"October";73.7
"Farm-Gate Price";"Up-Land";"Tomatoes";"November";163.6
"Farm-Gate Price";"Up-Land";"Tomatoes";"December";238.9
"Farm-Gate Price";"Al-Aghouar";"Tomatoes";"January";79.0
"Farm-Gate Price";"Al-Aghouar";"Tomatoes";"February";73.7
"Farm-Gate Price";"Al-Aghouar";"Tomatoes";"March";69.0
"Farm-Gate Price";"Al-Aghouar";"Tomatoes";"April";58.6
"Farm-Gate Price";"Al-Aghouar";"Tomatoes";"May";73.8
"Farm-Gate Price";"Al-Aghouar";"Tomatoes";"June";51.7
"Farm-Gate Price";"Al-Aghouar";"Tomatoes";"July";140.6
"Farm-Gate Price";"Al-Aghouar";"Tomatoes";"August";216.0
"Farm-Gate Price";"Al-Aghouar";"Tomatoes";"September";92.9
"Farm-Gate Price";"Al-Aghouar";"Tomatoes";"October";80.6
"Farm-Gate Price";"Al-Aghouar";"Tomatoes";"November";159.5
"Farm-Gate Price";"Al-Aghouar";"Tomatoes";"December";236.9
